{"1": [0.6833333333333333, 0.5424513738808274], "2": [0.7083333333333334, 0.6195652173913043], "3": [0.7416666666666667, 0.5739495798319327], "4": [0.7583333333333333, 0.5941176470588235], "5": [0.7083333333333334, 0.579036739734486], "6": [0.7583333333333333, 0.6155975252360794], "7": [0.6666666666666666, 0.5400181214134703], "8": [0.7, 0.55], "9": [0.7, 0.6086956521739131], "10": [0.75, 0.5766073871409029]}