{"1": [0.6526315789473685, 0.5285714285714286], "2": [0.7368421052631579, 0.5192307692307692], "3": [0.7052631578947368, 0.5172413793103448], "4": [0.7789473684210526, 0.5], "5": [0.7368421052631579, 0.5535714285714286], "6": [0.6631578947368421, 0.5], "7": [0.8, 0.4935064935064935], "8": [0.7263157894736842, 0.5185185185185186], "9": [0.7473684210526316, 0.5], "10": [0.7368421052631579, 0.5]}