{"1": [0.7534246575342466, 0.556060606060606], "2": [0.7808219178082192, 0.5655172413793104], "3": [0.7808219178082192, 0.6190476190476191], "4": [0.7671232876712328, 0.5696881091617934], "5": [0.821917808219178, 0.5666666666666667], "6": [0.7397260273972602, 0.5940285204991088], "7": [0.8904109589041096, 0.7724780701754386], "8": [0.7945205479452054, 0.6405660377358491], "9": [0.7945205479452054, 0.5741379310344827], "10": [0.7945205479452054, 0.602020202020202]}