{"1": [0.7555555555555555, 0.7275], "2": [0.7888888888888889, 0.7665544332211], "3": [0.8, 0.770739064856712], "4": [0.8, 0.7695120413567016], "5": [0.7444444444444445, 0.7096530920060331], "6": [0.8222222222222222, 0.7922077922077921], "7": [0.8444444444444444, 0.8052719989662749], "8": [0.8055555555555556, 0.7839506172839507], "9": [0.8055555555555556, 0.7992213570634039], "10": [0.8333333333333334, 0.8170594837261503]}