{"1": [0.7966101694915254, 0.5], "2": [0.8305084745762712, 0.5], "3": [0.8135593220338984, 0.4897959183673469], "4": [0.7796610169491526, 0.5886363636363636], "5": [0.8135593220338984, 0.5416666666666667], "6": [0.847457627118644, 0.5], "7": [0.847457627118644, 0.5909090909090908], "8": [0.8813559322033898, 0.6111111111111112], "9": [0.8135593220338984, 0.5416666666666667], "10": [0.7796610169491526, 0.5357142857142857]}