{"1": [0.7083333333333334, 0.5888278388278388], "2": [0.6916666666666667, 0.5697674418604651], "3": [0.775, 0.6329365079365079], "4": [0.7333333333333333, 0.5897435897435898], "5": [0.75, 0.6123234916559692], "6": [0.6333333333333333, 0.56], "7": [0.6833333333333333, 0.6415094339622642], "8": [0.675, 0.5616028708133971], "9": [0.7083333333333334, 0.6070574162679425], "10": [0.7416666666666667, 0.627817227539364]}