{"1": [0.7540983606557377, 0.5588235294117647], "2": [0.7540983606557377, 0.5144376899696048], "3": [0.7213114754098361, 0.575], "4": [0.819672131147541, 0.5416666666666667], "5": [0.7868852459016393, 0.5891304347826086], "6": [0.7540983606557377, 0.5224637681159421], "7": [0.7540983606557377, 0.5833333333333333], "8": [0.6721311475409836, 0.5], "9": [0.7704918032786885, 0.5882352941176471], "10": [0.8032786885245902, 0.6]}