{"1": [0.675, 0.524390243902439], "2": [0.7583333333333333, 0.6282051282051282], "3": [0.5333333333333333, 0.5257015837732704], "4": [0.6916666666666667, 0.5843301435406698], "5": [0.6916666666666667, 0.5595238095238095], "6": [0.6333333333333333, 0.579185520361991], "7": [0.675, 0.5568181818181819], "8": [0.6916666666666667, 0.5705128205128205], "9": [0.6916666666666667, 0.625], "10": [0.7083333333333334, 0.6022727272727273]}