{"1": [0.6416666666666667, 0.5943396226415094], "2": [0.575, 0.5311447811447811], "3": [0.55, 0.5279866332497911], "4": [0.575, 0.5446428571428572], "5": [0.5833333333333334, 0.5898860794665185], "6": [0.6583333333333333, 0.6080316742081449], "7": [0.5583333333333333, 0.5583333333333333], "8": [0.6333333333333333, 0.6], "9": [0.5666666666666667, 0.5806451612903225], "10": [0.5333333333333333, 0.540983606557377]}