{"1": [0.5833333333333334, 0.5901639344262295], "2": [0.5416666666666666, 0.5609857978279031], "3": [0.625, 0.6069340016708438], "4": [0.6166666666666667, 0.5981620718462823], "5": [0.65, 0.6332497911445281], "6": [0.6916666666666667, 0.6707589285714286], "7": [0.5916666666666667, 0.553030303030303], "8": [0.625, 0.664179104477612], "9": [0.625, 0.6191997777160323], "10": [0.625, 0.6308696860238956]}