{"1": [0.5681818181818182, 0.525], "2": [0.7727272727272727, 0.5454545454545454], "3": [0.6818181818181818, 0.5991285403050108], "4": [0.5909090909090909, 0.5326315789473683], "5": [0.5681818181818182, 0.525], "6": [0.6136363636363636, 0.5526315789473684], "7": [0.6818181818181818, 0.6111111111111112], "8": [0.6363636363636364, 0.4739454094292804], "9": [0.5227272727272727, 0.5434782608695652], "10": [0.6363636363636364, 0.5]}