{"1": [0.6016949152542372, 0.5263235729074238], "2": [0.6440677966101694, 0.5826470588235295], "3": [0.6186440677966102, 0.5526470588235294], "4": [0.5677966101694916, 0.5136946386946387], "5": [0.6610169491525424, 0.5178967374089325], "6": [0.559322033898305, 0.5365783410138248], "7": [0.635593220338983, 0.5365338164251208], "8": [0.635593220338983, 0.5461492358405754], "9": [0.6186440677966102, 0.54673173617273], "10": [0.6101694915254238, 0.54]}