{"1": [0.7391304347826086, 0.5454545454545454], "2": [0.6695652173913044, 0.5896825396825397], "3": [0.6608695652173913, 0.5183333333333334], "4": [0.6608695652173913, 0.5357142857142857], "5": [0.6608695652173913, 0.5124831309041836], "6": [0.6434782608695652, 0.5523809523809524], "7": [0.6260869565217392, 0.5579912935323383], "8": [0.6521739130434783, 0.5688405797101449], "9": [0.6260869565217392, 0.5113636363636364], "10": [0.6173913043478261, 0.56]}