{"1": [0.5213675213675214, 0.5910326086956521], "2": [0.47863247863247865, 0.566595223515003], "3": [0.4700854700854701, 0.5974025974025974], "4": [0.5042735042735043, 0.618421052631579], "5": [0.5470085470085471, 0.6267605633802817], "6": [0.5042735042735043, 0.61737012987013], "7": [0.4017094017094017, 0.5679012345679012], "8": [0.452991452991453, 0.5927364864864865], "9": [0.5299145299145299, 0.5982789855072463], "10": [0.41025641025641024, 0.56875]}