{"1": [0.3333333333333333, 0.5], "2": [0.4722222222222222, 0.5], "3": [0.4444444444444444, 0.5], "4": [0.4166666666666667, 0.5], "5": [0.3333333333333333, 0.5], "6": [0.25, 0.5], "7": [0.4166666666666667, 0.5227272727272727], "8": [0.3611111111111111, 0.5], "9": [0.3333333333333333, 0.5], "10": [0.5, 0.5]}