{"1": [0.75, 0.5], "2": [0.8, 0.4948453608247423], "3": [0.8166666666666667, 0.5217391304347826], "4": [0.8416666666666667, 0.525], "5": [0.7333333333333333, 0.5], "6": [0.7583333333333333, 0.5], "7": [0.8333333333333334, 0.49504950495049505], "8": [0.7166666666666667, 0.5], "9": [0.7166666666666667, 0.5], "10": [0.8083333333333333, 0.5]}