{"1": [0.4186046511627907, 0.537037037037037], "2": [0.3488372093023256, 0.4987684729064039], "3": [0.3488372093023256, 0.5333333333333333], "4": [0.27906976744186046, 0.48579545454545453], "5": [0.3953488372093023, 0.5185185185185185], "6": [0.2558139534883721, 0.5151515151515151], "7": [0.5116279069767442, 0.5227272727272727], "8": [0.46511627906976744, 0.54], "9": [0.3953488372093023, 0.5185185185185185], "10": [0.3488372093023256, 0.5]}