{"1": [0.725, 0.603426983636925], "2": [0.7916666666666666, 0.6412448700410396], "3": [0.8166666666666667, 0.6661931818181819], "4": [0.8166666666666667, 0.6444444444444445], "5": [0.775, 0.6538461538461539], "6": [0.8333333333333334, 0.6974431818181819], "7": [0.7666666666666667, 0.631578947368421], "8": [0.825, 0.6374223602484472], "9": [0.7833333333333333, 0.6666666666666667], "10": [0.8416666666666667, 0.6763502454991817]}