{"1": [0.45, 0.5], "2": [0.26666666666666666, 0.5], "3": [0.5666666666666667, 0.5185185185185185], "4": [0.45, 0.5147058823529411], "5": [0.38333333333333336, 0.5], "6": [0.4166666666666667, 0.5], "7": [0.3333333333333333, 0.5], "8": [0.48333333333333334, 0.515625], "9": [0.36666666666666664, 0.5], "10": [0.6166666666666667, 0.5208333333333334]}