{"1": [0.7305555555555555, 0.4962264150943396], "2": [0.7722222222222223, 0.5144621808533774], "3": [0.7444444444444445, 0.5017770333755464], "4": [0.7361111111111112, 0.5135627768413625], "5": [0.7333333333333333, 0.5102040816326531], "6": [0.7472222222222222, 0.5210526315789474], "7": [0.7583333333333333, 0.5166666666666666], "8": [0.7361111111111112, 0.5067527308838132], "9": [0.7388888888888889, 0.5068788993760998], "10": [0.7222222222222222, 0.4993768499766319]}