{"1": [0.7333333333333333, 0.6666666666666667], "2": [0.8166666666666667, 0.725], "3": [0.7666666666666667, 0.7038777908343126], "4": [0.7333333333333333, 0.6190476190476191], "5": [0.6833333333333333, 0.5198412698412699], "6": [0.85, 0.7222222222222222], "7": [0.7833333333333333, 0.5666666666666667], "8": [0.8333333333333334, 0.7073863636363636], "9": [0.7833333333333333, 0.5834697217675942], "10": [0.75, 0.68213866039953]}