{"1": [0.875, 0.7666666666666666], "2": [0.75, 0.631578947368421], "3": [0.7678571428571429, 0.6388888888888888], "4": [0.8392857142857143, 0.6538461538461539], "5": [0.8035714285714286, 0.6764705882352942], "6": [0.8392857142857143, 0.6785714285714286], "7": [0.875, 0.7941176470588236], "8": [0.8214285714285714, 0.6666666666666667], "9": [0.8571428571428571, 0.5555555555555556], "10": [0.75, 0.6111111111111112]}