{"1": [0.7831325301204819, 0.5714285714285714], "2": [0.7771084337349398, 0.655952579729504], "3": [0.7349397590361446, 0.639344262295082], "4": [0.7108433734939759, 0.5682227682227683], "5": [0.7650602409638554, 0.5666666666666667], "6": [0.7710843373493976, 0.5777777777777777], "7": [0.7891566265060241, 0.6340961916681567], "8": [0.8192771084337349, 0.6341463414634146], "9": [0.7228915662650602, 0.5936688311688312], "10": [0.7168674698795181, 0.5648148148148149]}