{"1": [0.7388888888888889, 0.5406934515845406], "2": [0.6916666666666667, 0.5485023885072702], "3": [0.7416666666666667, 0.5648654810761513], "4": [0.7194444444444444, 0.5510909090909091], "5": [0.7333333333333333, 0.544170673076923], "6": [0.7444444444444445, 0.5727900705552067], "7": [0.7055555555555556, 0.5655737704918034], "8": [0.7194444444444444, 0.5691775014132279], "9": [0.7277777777777777, 0.5359072192210343], "10": [0.725, 0.5412642995097311]}