{"1": [0.6896551724137931, 0.5], "2": [0.7586206896551724, 0.5], "3": [0.6896551724137931, 0.5], "4": [0.7241379310344828, 0.5], "5": [0.5862068965517241, 0.5], "6": [0.6379310344827587, 0.5], "7": [0.7413793103448276, 0.5], "8": [0.6551724137931034, 0.5], "9": [0.7241379310344828, 0.5], "10": [0.8448275862068966, 0.5]}