{"1": [0.725, 0.5235978112175103], "2": [0.7166666666666667, 0.5555193747964833], "3": [0.7333333333333333, 0.5154041319318594], "4": [0.6833333333333333, 0.5141206675224647], "5": [0.75, 0.5588235294117647], "6": [0.775, 0.4946808510638298], "7": [0.7, 0.5238095238095238], "8": [0.7583333333333333, 0.5166666666666666], "9": [0.675, 0.5616028708133971], "10": [0.7833333333333333, 0.5752178855627131]}