{"1": [0.6896551724137931, 0.5148809523809523], "2": [0.7931034482758621, 0.6636904761904762], "3": [0.6896551724137931, 0.5909090909090908], "4": [0.7241379310344828, 0.5555555555555556], "5": [0.6896551724137931, 0.5], "6": [0.7241379310344828, 0.4772727272727273], "7": [0.8275862068965517, 0.5], "8": [0.7931034482758621, 0.625], "9": [0.8275862068965517, 0.5833333333333333], "10": [0.6206896551724138, 0.5]}