{"1": [0.6916666666666667, 0.513157894736842], "2": [0.725, 0.5540540540540541], "3": [0.8, 0.6111111111111112], "4": [0.725, 0.5453781512605043], "5": [0.7916666666666666, 0.5501792114695341], "6": [0.7583333333333333, 0.5427691192461037], "7": [0.7833333333333333, 0.59375], "8": [0.7916666666666666, 0.6193181818181819], "9": [0.725, 0.5496031746031746], "10": [0.825, 0.649677908298598]}