{"1": [0.8181818181818182, 0.6666666666666667], "2": [0.7272727272727273, 0.5], "3": [0.6363636363636364, 0.6666666666666667], "4": [0.5454545454545454, 0.5833333333333333], "5": [0.7272727272727273, 0.625], "6": [0.8181818181818182, 0.8333333333333334], "7": [0.5454545454545454, 0.5], "8": [0.45454545454545453, 0.5714285714285714], "9": [0.8181818181818182, 0.75], "10": [0.8181818181818182, 0.8166666666666667]}