{"1": [0.6851851851851852, 0.6127819548872181], "2": [0.7407407407407407, 0.7012622720897617], "3": [0.7777777777777778, 0.6973684210526316], "4": [0.7962962962962963, 0.7467532467532468], "5": [0.7962962962962963, 0.7642045454545454], "6": [0.7037037037037037, 0.6], "7": [0.7592592592592593, 0.7333333333333334], "8": [0.8333333333333334, 0.75], "9": [0.7037037037037037, 0.5972222222222222], "10": [0.8333333333333334, 0.7829888712241653]}