{"1": [0.8583333333333333, 0.6967727476467952], "2": [0.875, 0.6519607843137255], "3": [0.85, 0.6547368421052631], "4": [0.9166666666666666, 0.6153846153846154], "5": [0.8583333333333333, 0.6327561327561327], "6": [0.75, 0.5371511417180138], "7": [0.7333333333333333, 0.5750569846955389], "8": [0.825, 0.6374223602484472], "9": [0.85, 0.5901875901875901], "10": [0.8333333333333334, 0.5652173913043479]}