{"1": [0.7205882352941176, 0.525], "2": [0.7647058823529411, 0.5555555555555556], "3": [0.6911764705882353, 0.5227272727272727], "4": [0.7352941176470589, 0.5424274973147154], "5": [0.8235294117647058, 0.5978835978835979], "6": [0.6470588235294118, 0.509469696969697], "7": [0.75, 0.5120192307692308], "8": [0.7352941176470589, 0.5909090909090908], "9": [0.75, 0.49038461538461536], "10": [0.7941176470588235, 0.5333333333333333]}