{"1": [0.7, 0.5769230769230769], "2": [0.725, 0.5496031746031746], "3": [0.7833333333333333, 0.6235795454545454], "4": [0.7583333333333333, 0.6305763594920222], "5": [0.725, 0.5540540540540541], "6": [0.8166666666666667, 0.6761363636363636], "7": [0.7833333333333333, 0.6036931818181819], "8": [0.7333333333333333, 0.5714285714285714], "9": [0.7583333333333333, 0.618421052631579], "10": [0.8166666666666667, 0.6188769414575866]}