{"1": [0.7213114754098361, 0.575], "2": [0.7377049180327869, 0.569521044992743], "3": [0.726775956284153, 0.539477503628447], "4": [0.639344262295082, 0.5331807780320366], "5": [0.7486338797814208, 0.5670677361853833], "6": [0.7650273224043715, 0.5587962962962962], "7": [0.7759562841530054, 0.5638297872340425], "8": [0.7158469945355191, 0.5373730043541365], "9": [0.7486338797814208, 0.5144398603617899], "10": [0.7759562841530054, 0.5346959807626246]}