{"1": [0.6739130434782609, 0.5932539682539683], "2": [0.6086956521739131, 0.5263157894736843], "3": [0.5652173913043478, 0.5238095238095238], "4": [0.6521739130434783, 0.5294117647058824], "5": [0.6956521739130435, 0.48484848484848486], "6": [0.6739130434782609, 0.5588235294117647], "7": [0.5869565217391305, 0.5514285714285714], "8": [0.8478260869565217, 0.47560975609756095], "9": [0.7608695652173914, 0.5769230769230769], "10": [0.7391304347826086, 0.5269607843137255]}