{"1": [0.8135593220338984, 0.65625], "2": [0.7796610169491526, 0.7045454545454546], "3": [0.8135593220338984, 0.7105263157894737], "4": [0.8813559322033898, 0.7083333333333333], "5": [0.864406779661017, 0.706439393939394], "6": [0.8305084745762712, 0.6875], "7": [0.7966101694915254, 0.6842105263157895], "8": [0.7966101694915254, 0.6978319783197832], "9": [0.7966101694915254, 0.7243589743589743], "10": [0.711864406779661, 0.6304347826086957]}