{"1": [0.6581196581196581, 0.5865036231884058], "2": [0.6752136752136753, 0.590783833435395], "3": [0.7350427350427351, 0.6125], "4": [0.7264957264957265, 0.6097560975609756], "5": [0.6410256410256411, 0.5473055725658298], "6": [0.717948717948718, 0.6055194805194806], "7": [0.7948717948717948, 0.6743827160493827], "8": [0.7008547008547008, 0.556081081081081], "9": [0.6495726495726496, 0.5729166666666667], "10": [0.7350427350427351, 0.5883445945945946]}