{"1": [0.6944444444444444, 0.5416666666666667], "2": [0.6388888888888888, 0.6176470588235294], "3": [0.5833333333333334, 0.53125], "4": [0.6111111111111112, 0.5333333333333333], "5": [0.6944444444444444, 0.5416666666666667], "6": [0.75, 0.5], "7": [0.6944444444444444, 0.6071428571428572], "8": [0.6944444444444444, 0.5769230769230769], "9": [0.6388888888888888, 0.5208333333333334], "10": [0.4722222222222222, 0.4722222222222222]}