{"1": [0.7583333333333333, 0.5166666666666666], "2": [0.8083333333333333, 0.5], "3": [0.8083333333333333, 0.5165844912595249], "4": [0.8416666666666667, 0.525], "5": [0.7333333333333333, 0.5], "6": [0.7583333333333333, 0.5], "7": [0.8416666666666667, 0.5], "8": [0.725, 0.5147058823529411], "9": [0.725, 0.5147058823529411], "10": [0.8166666666666667, 0.5217391304347826]}