{"1": [0.6744186046511628, 0.5625], "2": [0.6976744186046512, 0.5726600985221675], "3": [0.7209302325581395, 0.5384615384615384], "4": [0.7209302325581395, 0.484375], "5": [0.6511627906976745, 0.556712962962963], "6": [0.813953488372093, 0.6696969696969697], "7": [0.5813953488372093, 0.5725108225108225], "8": [0.5813953488372093, 0.5077777777777778], "9": [0.6976744186046512, 0.6064814814814814], "10": [0.7209302325581395, 0.6]}