{"1": [0.7833333333333333, 0.6829268292682926], "2": [0.8333333333333334, 0.7236662106703147], "3": [0.8416666666666667, 0.7130681818181819], "4": [0.8333333333333334, 0.6777777777777778], "5": [0.7833333333333333, 0.6733143399810066], "6": [0.8583333333333333, 0.734375], "7": [0.825, 0.744865211810013], "8": [0.8416666666666667, 0.6731366459627328], "9": [0.8, 0.6989553656220322], "10": [0.8916666666666667, 0.7639116202945991]}