{"1": [0.5833333333333334, 0.537037037037037], "2": [0.7333333333333333, 0.5397727272727273], "3": [0.4666666666666667, 0.5151515151515151], "4": [0.5833333333333334, 0.5282805429864253], "5": [0.6833333333333333, 0.5869565217391304], "6": [0.6833333333333333, 0.62], "7": [0.6833333333333333, 0.525], "8": [0.6166666666666667, 0.5892857142857143], "9": [0.6666666666666666, 0.5454545454545454], "10": [0.48333333333333334, 0.5694444444444444]}