{"1": [0.6666666666666666, 0.5180611299783885], "2": [0.75, 0.6153846153846154], "3": [0.5333333333333333, 0.5254237288135593], "4": [0.7, 0.5909090909090908], "5": [0.6916666666666667, 0.5595238095238095], "6": [0.6333333333333333, 0.5769230769230769], "7": [0.65, 0.5227272727272727], "8": [0.6916666666666667, 0.5705128205128205], "9": [0.6916666666666667, 0.6215277777777778], "10": [0.7083333333333334, 0.6022727272727273]}