{"1": [0.5083333333333333, 0.5597014925373134], "2": [0.5416666666666666, 0.5816498316498318], "3": [0.6083333333333333, 0.626984126984127], "4": [0.5833333333333334, 0.6049107142857143], "5": [0.5833333333333334, 0.577104751319811], "6": [0.5, 0.5542986425339366], "7": [0.6, 0.6], "8": [0.575, 0.6062937062937063], "9": [0.6083333333333333, 0.5948275862068966], "10": [0.5666666666666667, 0.5595998888580161]}