{"1": [0.5833333333333334, 0.5901639344262295], "2": [0.55, 0.5697577276524646], "3": [0.625, 0.6069340016708438], "4": [0.6083333333333333, 0.5893901420217209], "5": [0.6416666666666667, 0.6244778613199666], "6": [0.6916666666666667, 0.6707589285714286], "7": [0.6166666666666667, 0.5757575757575757], "8": [0.6333333333333333, 0.6716417910447761], "9": [0.625, 0.6191997777160323], "10": [0.625, 0.6308696860238956]}