{"1": [0.5454545454545454, 0.5], "2": [0.7727272727272727, 0.5454545454545454], "3": [0.7045454545454546, 0.6176470588235294], "4": [0.5681818181818182, 0.5063157894736842], "5": [0.5681818181818182, 0.525], "6": [0.6136363636363636, 0.5526315789473684], "7": [0.6590909090909091, 0.5833333333333333], "8": [0.6363636363636364, 0.4739454094292804], "9": [0.5, 0.5196687370600414], "10": [0.6363636363636364, 0.5]}