{"1": [0.6101694915254238, 0.533569949719018], "2": [0.6440677966101694, 0.5826470588235295], "3": [0.6271186440677966, 0.56], "4": [0.576271186440678, 0.5192307692307692], "5": [0.6610169491525424, 0.5178967374089325], "6": [0.5508474576271186, 0.5276497695852534], "7": [0.6271186440677966, 0.5295893719806763], "8": [0.635593220338983, 0.5425531914893618], "9": [0.6186440677966102, 0.54673173617273], "10": [0.6016949152542372, 0.53]}