{"1": [0.7217391304347827, 0.5242054693274205], "2": [0.5652173913043478, 0.6388888888888888], "3": [0.5304347826086957, 0.6283333333333333], "4": [0.6608695652173913, 0.5357142857142857], "5": [0.6695652173913044, 0.5190620782726045], "6": [0.6260869565217392, 0.5301587301587302], "7": [0.6, 0.5267412935323383], "8": [0.6521739130434783, 0.5688405797101449], "9": [0.6260869565217392, 0.5113636363636364], "10": [0.6173913043478261, 0.56]}