{"1": [0.5982905982905983, 0.6403985507246377], "2": [0.6581196581196581, 0.7068279240661359], "3": [0.5726495726495726, 0.6452922077922079], "4": [0.6666666666666666, 0.7265725288831836], "5": [0.6410256410256411, 0.5473055725658298], "6": [0.7264957264957265, 0.612012987012987], "7": [0.5811965811965812, 0.6898148148148148], "8": [0.6068376068376068, 0.6907094594594594], "9": [0.6581196581196581, 0.7069746376811593], "10": [0.5811965811965812, 0.6646959459459459]}