{"1": [0.6944444444444444, 0.5416666666666667], "2": [0.4722222222222222, 0.4969040247678018], "3": [0.5555555555555556, 0.6], "4": [0.4444444444444444, 0.5142857142857143], "5": [0.4166666666666667, 0.5625], "6": [0.3333333333333333, 0.5555555555555556], "7": [0.6944444444444444, 0.6071428571428572], "8": [0.4166666666666667, 0.5267558528428093], "9": [0.6388888888888888, 0.5208333333333334], "10": [0.5833333333333334, 0.5833333333333334]}