{"1": [0.7583333333333333, 0.5277777777777778], "2": [0.6333333333333333, 0.7731958762886597], "3": [0.6416666666666667, 0.7617660242043927], "4": [0.5916666666666667, 0.695], "5": [0.6166666666666667, 0.7088068181818181], "6": [0.5916666666666667, 0.7190223569533916], "7": [0.85, 0.5263157894736843], "8": [0.6166666666666667, 0.7147742818057455], "9": [0.6083333333333333, 0.6911764705882353], "10": [0.6583333333333333, 0.7720753025549082]}