{"1": [0.35, 0.5357142857142857], "2": [0.7, 0.625], "3": [0.55, 0.55], "4": [0.5, 0.5], "5": [0.65, 0.5625], "6": [0.6, 0.5555555555555556], "7": [0.6, 0.5], "8": [0.65, 0.5625], "9": [0.65, 0.6111111111111112], "10": [0.8, 0.6]}