{"1": [0.6511627906976745, 0.53125], "2": [0.6744186046511628, 0.5369458128078818], "3": [0.7209302325581395, 0.5384615384615384], "4": [0.7441860465116279, 0.5], "5": [0.6511627906976745, 0.5439814814814814], "6": [0.813953488372093, 0.6348484848484849], "7": [0.5581395348837209, 0.5487012987012987], "8": [0.6046511627906976, 0.5277777777777778], "9": [0.6744186046511628, 0.5752314814814814], "10": [0.3488372093023256, 0.46904761904761905]}