{"1": [0.7333333333333333, 0.785736338376042], "2": [0.7, 0.7729138166894665], "3": [0.6916666666666667, 0.7698863636363636], "4": [0.7, 0.8], "5": [0.7166666666666667, 0.7701804368471036], "6": [0.7, 0.7755681818181819], "7": [0.6916666666666667, 0.7673299101412067], "8": [0.65, 0.7468944099378881], "9": [0.6833333333333333, 0.7587844254510921], "10": [0.6416666666666667, 0.7573649754500819]}