{"1": [0.55, 0.5909090909090909], "2": [0.3333333333333333, 0.5454545454545454], "3": [0.6166666666666667, 0.5808080808080809], "4": [0.55, 0.6029411764705882], "5": [0.43333333333333335, 0.5405405405405406], "6": [0.45, 0.5285714285714286], "7": [0.4666666666666667, 0.6], "8": [0.55, 0.578125], "9": [0.38333333333333336, 0.49401913875598086], "10": [0.6666666666666666, 0.5833333333333334]}