{"1": [0.7166666666666667, 0.5], "2": [0.6916666666666667, 0.5], "3": [0.7416666666666667, 0.5105110547299746], "4": [0.6916666666666667, 0.513157894736842], "5": [0.7, 0.4883720930232558], "6": [0.7833333333333333, 0.5], "7": [0.675, 0.49007936507936506], "8": [0.75, 0.5], "9": [0.6083333333333333, 0.48026315789473684], "10": [0.7583333333333333, 0.5117468738158393]}