{"1": [0.6551724137931034, 0.4523809523809524], "2": [0.7241379310344828, 0.5], "3": [0.6206896551724138, 0.5], "4": [0.6896551724137931, 0.5], "5": [0.6896551724137931, 0.5], "6": [0.7586206896551724, 0.5], "7": [0.8275862068965517, 0.5], "8": [0.7241379310344828, 0.5], "9": [0.7931034482758621, 0.5], "10": [0.6206896551724138, 0.5]}