{"1": [0.6916666666666667, 0.513157894736842], "2": [0.7166666666666667, 0.5405405405405406], "3": [0.7666666666666667, 0.5333333333333333], "4": [0.725, 0.5285714285714286], "5": [0.7666666666666667, 0.4946236559139785], "6": [0.7416666666666667, 0.5], "7": [0.7666666666666667, 0.5625], "8": [0.7583333333333333, 0.546875], "9": [0.7166666666666667, 0.5277777777777778], "10": [0.8166666666666667, 0.6206896551724138]}