{"1": [0.45454545454545453, 0.625], "2": [0.5454545454545454, 0.6875], "3": [0.5454545454545454, 0.5], "4": [0.5454545454545454, 0.5166666666666667], "5": [0.45454545454545453, 0.5714285714285714], "6": [0.8181818181818182, 0.8], "7": [0.7272727272727273, 0.75], "8": [0.7272727272727273, 0.625], "9": [0.6363636363636364, 0.7142857142857143], "10": [0.6363636363636364, 0.6]}