{"1": [0.42857142857142855, 0.5], "2": [0.5, 0.5], "3": [0.39285714285714285, 0.5], "4": [0.42857142857142855, 0.5], "5": [0.39285714285714285, 0.5], "6": [0.4642857142857143, 0.5], "7": [0.4642857142857143, 0.5], "8": [0.32142857142857145, 0.5], "9": [0.39285714285714285, 0.5], "10": [0.5357142857142857, 0.5]}