{"1": [0.5, 0.6142857142857143], "2": [0.5185185185185185, 0.5750350631136045], "3": [0.5370370370370371, 0.6529605263157895], "4": [0.5, 0.5909090909090909], "5": [0.5555555555555556, 0.6178977272727273], "6": [0.5740740740740741, 0.6617647058823529], "7": [0.6111111111111112, 0.6416666666666666], "8": [0.5555555555555556, 0.6527777777777778], "9": [0.5555555555555556, 0.6388888888888888], "10": [0.5, 0.6351351351351351]}