{"1": [0.85, 0.6584491259524877], "2": [0.9, 0.6666666666666667], "3": [0.825, 0.5947368421052631], "4": [0.9, 0.5722501797268152], "5": [0.8583333333333333, 0.5952380952380952], "6": [0.75, 0.5266400869880392], "7": [0.7333333333333333, 0.5750569846955389], "8": [0.825, 0.625], "9": [0.8416666666666667, 0.5663780663780664], "10": [0.8083333333333333, 0.5165844912595249]}