{"1": [0.7352941176470589, 0.55], "2": [0.7352941176470589, 0.5], "3": [0.6911764705882353, 0.5227272727272727], "4": [0.7352941176470589, 0.5263157894736843], "5": [0.7941176470588235, 0.5], "6": [0.6470588235294118, 0.5], "7": [0.7794117647058824, 0.53125], "8": [0.7058823529411765, 0.5454545454545454], "9": [0.7647058823529411, 0.5], "10": [0.7794117647058824, 0.5]}