{"1": [0.675, 0.5357142857142857], "2": [0.7166666666666667, 0.5357142857142858], "3": [0.7333333333333333, 0.5198863636363636], "4": [0.7333333333333333, 0.5750569846955389], "5": [0.7, 0.5135135135135135], "6": [0.7583333333333333, 0.5866477272727273], "7": [0.75, 0.53125], "8": [0.7166666666666667, 0.5277777777777778], "9": [0.6916666666666667, 0.5202182284980744], "10": [0.8, 0.5555555555555556]}