{"1": [0.6775956284153005, 0.5126016260162601], "2": [0.73224043715847, 0.548911465892598], "3": [0.7158469945355191, 0.5206095791001452], "4": [0.6065573770491803, 0.4925629290617849], "5": [0.7486338797814208, 0.5490196078431373], "6": [0.7431693989071039, 0.5305555555555556], "7": [0.7650273224043715, 0.5495150187734669], "8": [0.6994535519125683, 0.5034833091436866], "9": [0.7540983606557377, 0.5180894953982862], "10": [0.7759562841530054, 0.5260219855719683]}