{"1": [0.5869565217391305, 0.48214285714285715], "2": [0.5869565217391305, 0.5], "3": [0.5217391304347826, 0.48], "4": [0.6304347826086957, 0.5], "5": [0.2826086956521739, 0.5], "6": [0.6304347826086957, 0.5], "7": [0.5434782608695652, 0.5038095238095238], "8": [0.10869565217391304, 0.5], "9": [0.2826086956521739, 0.5], "10": [0.2826086956521739, 0.5147058823529411]}