{"1": [0.8135593220338984, 0.65625], "2": [0.6779661016949152, 0.5773955773955775], "3": [0.7796610169491526, 0.6578947368421053], "4": [0.8813559322033898, 0.7083333333333333], "5": [0.864406779661017, 0.6714015151515151], "6": [0.7966101694915254, 0.6446220930232558], "7": [0.7627118644067796, 0.6453947368421052], "8": [0.7796610169491526, 0.6544715447154472], "9": [0.7457627118644068, 0.6615384615384616], "10": [0.6779661016949152, 0.5869565217391304]}