{"1": [0.7352941176470589, 0.55], "2": [0.7647058823529411, 0.5555555555555556], "3": [0.6911764705882353, 0.5227272727272727], "4": [0.7352941176470589, 0.5263157894736843], "5": [0.8088235294117647, 0.5357142857142857], "6": [0.6470588235294118, 0.509469696969697], "7": [0.7647058823529411, 0.5216346153846154], "8": [0.7205882352941176, 0.5681818181818181], "9": [0.7647058823529411, 0.5], "10": [0.7794117647058824, 0.5]}