{"1": [0.6833333333333333, 0.5586080586080586], "2": [0.725, 0.5575396825396824], "3": [0.7583333333333333, 0.5667613636363636], "4": [0.7583333333333333, 0.6230869423640508], "5": [0.7333333333333333, 0.5675675675675675], "6": [0.8083333333333333, 0.6704545454545454], "7": [0.7916666666666666, 0.609375], "8": [0.7416666666666667, 0.5773809523809523], "9": [0.7333333333333333, 0.5860077021822849], "10": [0.8333333333333334, 0.6427718040621266]}