{"1": [0.7103825136612022, 0.5583333333333333], "2": [0.7540983606557377, 0.5810595065312046], "3": [0.41530054644808745, 0.5269956458635704], "4": [0.6229508196721312, 0.5143020594965675], "5": [0.7431693989071039, 0.5452317290552585], "6": [0.7540983606557377, 0.544675925925926], "7": [0.7704918032786885, 0.5531914893617021], "8": [0.7103825136612022, 0.5167634252539912], "9": [0.7431693989071039, 0.5107902253252936], "10": [0.7868852459016393, 0.5504122294744074]}