{"1": [0.6304347826086957, 0.5476190476190476], "2": [0.6086956521739131, 0.5263157894736843], "3": [0.5869565217391305, 0.5476190476190477], "4": [0.6521739130434783, 0.5294117647058824], "5": [0.717391304347826, 0.5], "6": [0.6521739130434783, 0.5294117647058824], "7": [0.5652173913043478, 0.5314285714285715], "8": [0.8913043478260869, 0.5878048780487805], "9": [0.8043478260869565, 0.6538461538461539], "10": [0.7391304347826086, 0.5269607843137255]}