{"1": [0.8135593220338984, 0.65625], "2": [0.7627118644067796, 0.6818181818181819], "3": [0.8135593220338984, 0.7105263157894737], "4": [0.8813559322033898, 0.7083333333333333], "5": [0.847457627118644, 0.6960227272727273], "6": [0.8135593220338984, 0.6758720930232558], "7": [0.7796610169491526, 0.6717105263157894], "8": [0.8135593220338984, 0.7100271002710027], "9": [0.7966101694915254, 0.7243589743589743], "10": [0.711864406779661, 0.6304347826086957]}