{"1": [0.725, 0.5147058823529411], "2": [0.725, 0.5540540540540541], "3": [0.7583333333333333, 0.532258064516129], "4": [0.7, 0.5333761232349166], "5": [0.7416666666666667, 0.5441176470588236], "6": [0.7833333333333333, 0.5], "7": [0.7083333333333334, 0.5297619047619048], "8": [0.7583333333333333, 0.5166666666666666], "9": [0.6666666666666666, 0.5502392344497608], "10": [0.775, 0.5579765062523684]}