{"1": [0.675, 0.5009627727856225], "2": [0.725, 0.5540540540540541], "3": [0.8083333333333333, 0.6166666666666667], "4": [0.7333333333333333, 0.5428571428571429], "5": [0.775, 0.5131421744324971], "6": [0.7833333333333333, 0.5806451612903225], "7": [0.7833333333333333, 0.59375], "8": [0.7833333333333333, 0.6036931818181819], "9": [0.7166666666666667, 0.5436507936507937], "10": [0.8166666666666667, 0.6324365289882532]}