{"1": [0.6071428571428571, 0.5416666666666667], "2": [0.5, 0.5], "3": [0.5714285714285714, 0.47058823529411764], "4": [0.5357142857142857, 0.59375], "5": [0.6071428571428571, 0.5], "6": [0.5357142857142857, 0.5], "7": [0.5357142857142857, 0.5], "8": [0.6785714285714286, 0.5], "9": [0.6428571428571429, 0.5454545454545454], "10": [0.4642857142857143, 0.5]}