{"1": [0.7037037037037037, 0.6270676691729323], "2": [0.7592592592592593, 0.7230014025245441], "3": [0.8148148148148148, 0.7236842105263157], "4": [0.8148148148148148, 0.7619047619047619], "5": [0.7962962962962963, 0.7642045454545454], "6": [0.7407407407407407, 0.65], "7": [0.7777777777777778, 0.75], "8": [0.8518518518518519, 0.7777777777777778], "9": [0.7962962962962963, 0.7083333333333334], "10": [0.8703703703703703, 0.8100158982511924]}