{"1": [0.8833333333333333, 0.7122366651725685], "2": [0.8833333333333333, 0.6339869281045751], "3": [0.8583333333333333, 0.6747368421052631], "4": [0.625, 0.7559309849029476], "5": [0.8666666666666667, 0.6378066378066378], "6": [0.775, 0.564516129032258], "7": [0.7416666666666667, 0.5810810810810811], "8": [0.5833333333333334, 0.6909937888198757], "9": [0.5666666666666667, 0.6810966810966812], "10": [0.85, 0.6086956521739131]}