{"cs": {"bayes": {"acc": [0.7411764705882353, 0.76, 0.6804347826086956, 0.7355191256830601, 0.8084745762711865], "auc": [0.5379709890847109, 0.6023292321499155, 0.5347385249266243, 0.5493381991847499, 0.6910430759210898]}, "svm": {"acc": [0.7411764705882353, 0.7566666666666666, 0.6847826086956522, 0.7010928961748634, 0.8033898305084746], "auc": [0.5289599034006929, 0.5959553618795634, 0.5480417801760776, 0.5401755569621255, 0.6865354034791433]}, "xgboost": {"acc": [0.736764705882353, 0.7274999999999999, 0.44565217391304346, 0.7218579234972677, 0.7779661016949151], "auc": [0.5175747607655502, 0.5401334722378123, 0.49806582633053215, 0.5251370572356888, 0.6464258520580932]}}, "finance": {"bayes": {"acc": [0.6749999999999999, 0.5875, 0.6174999999999999, 0.6272727272727273, 0.6152542372881356, 0.6556521739130433], "auc": [0.5755940158911038, 0.5675993749034636, 0.6127533396735059, 0.5408381025064251, 0.5399202196110304, 0.5452244297075961]}, "svm": {"acc": [0.6716666666666665, 0.5675, 0.6199999999999999, 0.6204545454545455, 0.6152542372881354, 0.6269565217391305], "auc": [0.5703266049823138, 0.5865370740669353, 0.6148951426204933, 0.5323996452521782, 0.5389868584410271, 0.5543308295301383]}, "xgboost": {"acc": [0.41916666666666663, 0.4800000000000001, 0.505, 0.4340909090909091, 0.4491525423728814, 0.4156521739130435], "auc": [0.5309604744157312, 0.5039740995985353, 0.51154613158011, 0.5274569641827707, 0.5275472066523974, 0.5307551437420346]}}, "fun": {"bayes": {"acc": [0.7594444444444445, 0.698, 0.8099999999999999, 0.825, 0.7933734939759036, 0.7661111111111112, 0.7396551724137931], "auc": [0.5443429714657466, 0.6247815617117087, 0.7197133310431183, 0.6936848502159924, 0.6591876667451617, 0.623944804939589, 0.566374057198637]}, "svm": {"acc": [0.7716666666666667, 0.5199999999999999, 0.8183333333333334, 0.825, 0.7487951807228915, 0.7636111111111111, 0.7431034482758619], "auc": [0.5684697976233636, 0.5862070071173331, 0.7199658647478954, 0.6962444064989528, 0.6597764172468787, 0.6159242762917219, 0.5671060090702947]}, "xgboost": {"acc": [0.7419444444444443, 0.404, 0.7733333333333332, 0.8178571428571427, 0.7590361445783131, 0.7247222222222223, 0.7051724137931035], "auc": [0.5086960266279438, 0.5, 0.6496316981082244, 0.667347365396901, 0.6006118805235587, 0.5534035764526798, 0.5]}}, "music": {"bayes": {"acc": [0.7705263157894737, 0.7424999999999999, 0.8054794520547945, 0.8277777777777777, 0.8203389830508476, 0.7474999999999999, 0.7557377049180328], "auc": [0.5894997090927563, 0.6220705501793412, 0.6195696733710732, 0.8083411319298772, 0.5465108225108225, 0.655928794517189, 0.5639881101692724]}, "svm": {"acc": [0.7715789473684211, 0.7449999999999999, 0.7876712328767124, 0.6094444444444445, 0.8423728813559324, 0.7458333333333333, 0.7688524590163934], "auc": [0.5892808943929635, 0.6219176016801894, 0.6197509350206986, 0.6461320897014086, 0.6016428313749742, 0.6505835320941038, 0.5774713723966867]}, "xgboost": {"acc": [0.7284210526315789, 0.7175, 0.7917808219178082, 0.7999999999999998, 0.8203389830508474, 0.71, 0.7590163934426228], "auc": [0.5130640017708983, 0.5800039243861739, 0.6060211003781076, 0.7741669880688119, 0.5399500103071532, 0.5991585818607339, 0.5573090716397566]}}, "skill": {"bayes": {"acc": [0.7142857142857142, 0.6599999999999999, 0.5369230769230768, 0.6333333333333334, 0.6176470588235295, 0.7266666666666667, 0.6649999999999999], "auc": [0.6012780224008004, 0.5802394863908021, 0.550727297919835, 0.5392208896176164, 0.5628470077784151, 0.5797240259740261, 0.5858634661183163]}, "svm": {"acc": [0.7194805194805195, 0.6599999999999999, 0.543076923076923, 0.575, 0.6191176470588236, 0.7266666666666667, 0.6691666666666667], "auc": [0.5995334696597279, 0.5784737521250679, 0.5442101339057789, 0.6388876133824055, 0.5637895978339084, 0.5797240259740261, 0.5915066381657268]}, "xgboost": {"acc": [0.36363636363636365, 0.41428571428571426, 0.5184615384615384, 0.43583333333333335, 0.45, 0.5733333333333333, 0.4358333333333334], "auc": [0.5101528243923564, 0.509846401405612, 0.5093654284783317, 0.534166758055561, 0.513911757627683, 0.6818215334119225, 0.5324177882046132]}}, "study": {"bayes": {"acc": [0.73, 0.7379310344827587, 0.7616666666666667, 0.6909090909090909, 0.5714285714285714, 0.7629629629629628, 0.835], "auc": [0.5339443312796213, 0.5510642135642135, 0.5728998806598103, 0.6513095238095238, 0.5078542780748663, 0.6985914867017124, 0.6156646590360471]}, "svm": {"acc": [0.7341666666666667, 0.7448275862068965, 0.76, 0.7, 0.5678571428571428, 0.7925925925925925, 0.7633333333333334], "auc": [0.5333156083347564, 0.5578823953823953, 0.5681858476543534, 0.6596428571428572, 0.5151459447415329, 0.7295989598945403, 0.6541081390295802]}, "xgboost": {"acc": [0.7116666666666667, 0.710344827586207, 0.7466666666666667, 0.6090909090909091, 0.4321428571428572, 0.5407407407407407, 0.8291666666666666], "auc": [0.49941304392800134, 0.49523809523809526, 0.5368069286046314, 0.6389880952380952, 0.5, 0.6281321296247746, 0.5897000539010496]}}, "workplace": {"bayes": {"acc": [0.7034188034188035, 0.6472222222222223, 0.7816666666666666, 0.595, 0.686046511627907, 0.8291666666666668, 0.6183333333333334], "auc": [0.5944093665661813, 0.5442685215111686, 0.5109402053066856, 0.5515259740259739, 0.5671176651413721, 0.708599718320495, 0.555638304837154]}, "svm": {"acc": [0.629059829059829, 0.5249999999999999, 0.6566666666666667, 0.605, 0.6441860465116279, 0.6908333333333334, 0.5000000000000001], "auc": [0.663060462894636, 0.5508977337928072, 0.6889910697828612, 0.5602380952380951, 0.5406245494607563, 0.7704658858347427, 0.5644702334843589]}, "xgboost": {"acc": [0.4820512820512821, 0.3861111111111111, 0.7775000000000001, 0.445, 0.3767441860465116, 0.7975, 0.4333333333333334], "auc": [0.5945248882056877, 0.5022727272727272, 0.5036633996210019, 0.5, 0.5169850122738053, 0.6518617035387644, 0.5069682734204792]}}}