{"1": [0.7444444444444445, 0.5225422045680238], "2": [0.7916666666666666, 0.5650689400200078], "3": [0.775, 0.5585808243800808], "4": [0.7444444444444445, 0.5322801928579829], "5": [0.7416666666666667, 0.5255102040816326], "6": [0.7638888888888888, 0.5526315789473684], "7": [0.775, 0.5685185185185185], "8": [0.7694444444444445, 0.5631578947368421], "9": [0.7555555555555555, 0.5353543433050711], "10": [0.7333333333333333, 0.519785013241938]}