{"1": [0.7, 0.663961038961039], "2": [0.78, 0.5769230769230769], "3": [0.78, 0.6944444444444444], "4": [0.62, 0.6607142857142857], "5": [0.62, 0.525], "6": [0.74, 0.6176470588235294], "7": [0.68, 0.5677083333333334], "8": [0.64, 0.6266025641025641], "9": [0.62, 0.6481481481481481], "10": [0.8, 0.6666666666666667]}