{"1": [0.75, 0.6875], "2": [0.8, 0.7124999999999999], "3": [0.7833333333333333, 0.7256169212690953], "4": [0.8, 0.7252747252747253], "5": [0.8166666666666667, 0.7261904761904762], "6": [0.8, 0.6444444444444446], "7": [0.8333333333333334, 0.6888888888888889], "8": [0.85, 0.7386363636363636], "9": [0.8833333333333333, 0.8142389525368249], "10": [0.7833333333333333, 0.7338425381903643]}