{"1": [0.8132530120481928, 0.6388248847926268], "2": [0.7891566265060241, 0.6748205042578059], "3": [0.7771084337349398, 0.7001561280249805], "4": [0.7590361445783133, 0.6363636363636364], "5": [0.8132530120481928, 0.662534435261708], "6": [0.7831325301204819, 0.6], "7": [0.8253012048192772, 0.6979259789021992], "8": [0.8493975903614458, 0.6951219512195121], "9": [0.7590361445783133, 0.6472402597402598], "10": [0.7650602409638554, 0.6388888888888888]}