{"1": [0.7916666666666666, 0.6347528575251348], "2": [0.7666666666666667, 0.6576937829073538], "3": [0.7777777777777778, 0.616735066119471], "4": [0.7722222222222223, 0.6323636363636363], "5": [0.775, 0.6219951923076923], "6": [0.7611111111111111, 0.6170071294004655], "7": [0.7388888888888889, 0.6227441796390687], "8": [0.75, 0.6211136235161108], "9": [0.7638888888888888, 0.6077405462581693], "10": [0.7638888888888888, 0.6073020353587877]}