{"1": [0.7068965517241379, 0.5583333333333332], "2": [0.7586206896551724, 0.5243506493506493], "3": [0.7413793103448276, 0.5986111111111111], "4": [0.8275862068965517, 0.6875], "5": [0.6724137931034483, 0.6102941176470589], "6": [0.6551724137931034, 0.5238095238095238], "7": [0.7931034482758621, 0.6], "8": [0.6896551724137931, 0.55], "9": [0.7413793103448276, 0.53125], "10": [0.8103448275862069, 0.47959183673469385]}