{"1": [0.7166666666666667, 0.5912318616857055], "2": [0.7083333333333334, 0.623678025851939], "3": [0.7916666666666666, 0.6680672268907564], "4": [0.775, 0.6310924369747899], "5": [0.7416666666666667, 0.627817227539364], "6": [0.7583333333333333, 0.6230869423640508], "7": [0.7083333333333334, 0.5981576562971912], "8": [0.7083333333333334, 0.56875], "9": [0.75, 0.6739130434782609], "10": [0.7666666666666667, 0.6149110807113543]}