{"1": [0.7945205479452054, 0.5833333333333333], "2": [0.7808219178082192, 0.5655172413793104], "3": [0.7945205479452054, 0.6428571428571428], "4": [0.7534246575342466, 0.5433723196881092], "5": [0.8356164383561644, 0.6247126436781609], "6": [0.7945205479452054, 0.6720142602495545], "7": [0.863013698630137, 0.6875], "8": [0.7945205479452054, 0.6405660377358491], "9": [0.8356164383561644, 0.6247126436781609], "10": [0.8082191780821918, 0.6111111111111112]}