{"1": [0.8111111111111111, 0.79], "2": [0.8166666666666667, 0.7985409652076318], "3": [0.8277777777777777, 0.807315233785822], "4": [0.8555555555555555, 0.8344471062917664], "5": [0.7833333333333333, 0.7575414781297134], "6": [0.8388888888888889, 0.81988399949565], "7": [0.85, 0.8196795451608735], "8": [0.8277777777777777, 0.8097643097643099], "9": [0.8222222222222222, 0.8168335187245087], "10": [0.8444444444444444, 0.8294051627384961]}