{"1": [0.7966101694915254, 0.5], "2": [0.847457627118644, 0.55], "3": [0.847457627118644, 0.55], "4": [0.7457627118644068, 0.543939393939394], "5": [0.8135593220338984, 0.5416666666666667], "6": [0.864406779661017, 0.6011111111111112], "7": [0.8305084745762712, 0.5454545454545454], "8": [0.864406779661017, 0.5555555555555556], "9": [0.8135593220338984, 0.5416666666666667], "10": [0.7796610169491526, 0.5357142857142857]}