{"1": [0.7166666666666667, 0.6062271062271063], "2": [0.7416666666666667, 0.6446692842041679], "3": [0.8083333333333333, 0.7043650793650793], "4": [0.7416666666666667, 0.6092117758784426], "5": [0.8, 0.6983311938382541], "6": [0.75, 0.7], "7": [0.7166666666666667, 0.6812165587158547], "8": [0.725, 0.6297846889952152], "9": [0.7333333333333333, 0.6459330143540671], "10": [0.7416666666666667, 0.6395492435937018]}