{"1": [0.7540983606557377, 0.5588235294117647], "2": [0.7540983606557377, 0.5144376899696048], "3": [0.7213114754098361, 0.5878048780487805], "4": [0.8360655737704918, 0.5833333333333333], "5": [0.7540983606557377, 0.5673913043478261], "6": [0.7213114754098361, 0.5007246376811594], "7": [0.7540983606557377, 0.5833333333333333], "8": [0.6721311475409836, 0.5], "9": [0.7704918032786885, 0.5882352941176471], "10": [0.819672131147541, 0.6557971014492754]}