{"1": [0.75, 0.5364448857994042], "2": [0.7916666666666666, 0.5650689400200078], "3": [0.8027777777777778, 0.6135258793251358], "4": [0.7638888888888888, 0.568362667084787], "5": [0.7472222222222222, 0.5389079295840474], "6": [0.7888888888888889, 0.6], "7": [0.7777777777777778, 0.5629629629629629], "8": [0.7916666666666666, 0.6052631578947368], "9": [0.7555555555555555, 0.5456726923692209], "10": [0.7472222222222222, 0.5484888611933323]}