{"1": [0.52, 0.5616883116883116], "2": [0.46, 0.6351351351351351], "3": [0.54, 0.640625], "4": [0.62, 0.6607142857142857], "5": [0.62, 0.525], "6": [0.44, 0.5757575757575758], "7": [0.44, 0.5381944444444444], "8": [0.58, 0.5961538461538461], "9": [0.6, 0.5716586151368761], "10": [0.38, 0.5571428571428572]}