{"1": [0.7666666666666667, 0.7083333333333333], "2": [0.8, 0.7124999999999999], "3": [0.7833333333333333, 0.7173913043478262], "4": [0.8166666666666667, 0.7380952380952381], "5": [0.8333333333333334, 0.7222222222222222], "6": [0.8166666666666667, 0.6555555555555556], "7": [0.8333333333333334, 0.6666666666666667], "8": [0.8166666666666667, 0.6960227272727273], "9": [0.9166666666666666, 0.8355155482815058], "10": [0.8, 0.7473560517038779]}