{"1": [0.8928571428571429, 0.8], "2": [0.7678571428571429, 0.6578947368421053], "3": [0.75, 0.6111111111111112], "4": [0.8392857142857143, 0.6538461538461539], "5": [0.7857142857142857, 0.6802413273001509], "6": [0.8571428571428571, 0.7142857142857143], "7": [0.8928571428571429, 0.8401206636500753], "8": [0.8035714285714286, 0.6544715447154472], "9": [0.8928571428571429, 0.7115839243498818], "10": [0.7678571428571429, 0.6388888888888888]}