{"1": [0.8132530120481928, 0.6388248847926268], "2": [0.5662650602409639, 0.6563700116880948], "3": [0.7771084337349398, 0.6967213114754098], "4": [0.7530120481927711, 0.6318591318591318], "5": [0.6024096385542169, 0.6993572084481176], "6": [0.7831325301204819, 0.6], "7": [0.8253012048192772, 0.6979259789021992], "8": [0.8493975903614458, 0.6951219512195121], "9": [0.7530120481927711, 0.6426948051948052], "10": [0.7650602409638554, 0.6388888888888888]}