{"1": [0.7861111111111111, 0.6248518674261249], "2": [0.7638888888888888, 0.6534921022350848], "3": [0.7777777777777778, 0.6137710898312814], "4": [0.7611111111111111, 0.6141818181818182], "5": [0.7722222222222223, 0.6086237980769231], "6": [0.7694444444444445, 0.6175427579328433], "7": [0.7305555555555555, 0.6084515773522524], "8": [0.75, 0.616591294516676], "9": [0.7666666666666667, 0.603868384269578], "10": [0.7583333333333333, 0.5978680730946367]}