{"1": [0.7413793103448276, 0.5986111111111111], "2": [0.7758620689655172, 0.5357142857142857], "3": [0.7241379310344828, 0.5708333333333333], "4": [0.8103448275862069, 0.65625], "5": [0.6896551724137931, 0.625], "6": [0.6551724137931034, 0.5238095238095238], "7": [0.7931034482758621, 0.6], "8": [0.6896551724137931, 0.55], "9": [0.7413793103448276, 0.53125], "10": [0.8103448275862069, 0.47959183673469385]}