{"1": [0.35833333333333334, 0.5009262117937635], "2": [0.35, 0.5185185185185185], "3": [0.49166666666666664, 0.499722145040289], "4": [0.39166666666666666, 0.5197368421052632], "5": [0.39166666666666666, 0.532051282051282], "6": [0.5166666666666667, 0.5735294117647058], "7": [0.43333333333333335, 0.5526315789473684], "8": [0.4083333333333333, 0.5448717948717948], "9": [0.44166666666666665, 0.5347222222222222], "10": [0.4083333333333333, 0.5328947368421053]}