{"1": [0.44166666666666665, 0.5], "2": [0.45, 0.5], "3": [0.475, 0.5], "4": [0.49166666666666664, 0.5234375], "5": [0.5, 0.4918032786885246], "6": [0.43333333333333335, 0.5], "7": [0.5083333333333333, 0.5083333333333333], "8": [0.4666666666666667, 0.5076923076923077], "9": [0.5166666666666667, 0.5], "10": [0.5166666666666667, 0.5084745762711864]}