{"1": [0.525, 0.5169491525423728], "2": [0.5333333333333333, 0.5087719298245614], "3": [0.49166666666666664, 0.5158730158730158], "4": [0.49166666666666664, 0.5158730158730158], "5": [0.49166666666666664, 0.5158730158730158], "6": [0.48333333333333334, 0.515625], "7": [0.4583333333333333, 0.5075757575757576], "8": [0.5583333333333333, 0.5019712756969867], "9": [0.49166666666666664, 0.5], "10": [0.525, 0.5169491525423728]}