{"1": [0.5227272727272727, 0.5625], "2": [0.29545454545454547, 0.5303030303030303], "3": [0.45454545454545453, 0.5555555555555556], "4": [0.4318181818181818, 0.5], "5": [0.4772727272727273, 0.5208333333333334], "6": [0.4772727272727273, 0.54], "7": [0.4090909090909091, 0.4914529914529915], "8": [0.3409090909090909, 0.532258064516129], "9": [0.5454545454545454, 0.5238095238095238], "10": [0.38636363636363635, 0.5178571428571429]}