{"1": [0.4406779661016949, 0.5187814256137238], "2": [0.423728813559322, 0.5], "3": [0.4576271186440678, 0.5294117647058824], "4": [0.4576271186440678, 0.513111888111888], "5": [0.4067796610169492, 0.5454545454545454], "6": [0.4915254237288136, 0.5161290322580645], "7": [0.4406779661016949, 0.5377415458937198], "8": [0.4661016949152542, 0.5563380281690141], "9": [0.4406779661016949, 0.5217391304347826], "10": [0.4661016949152542, 0.5367647058823529]}