{"1": [0.3130434782608696, 0.5182926829268293], "2": [0.45217391304347826, 0.55], "3": [0.3826086956521739, 0.5266666666666666], "4": [0.40869565217391307, 0.5342465753424658], "5": [0.3826086956521739, 0.5328947368421053], "6": [0.45217391304347826, 0.5460317460317461], "7": [0.41739130434782606, 0.4940920398009951], "8": [0.41739130434782606, 0.5144927536231884], "9": [0.4434782608695652, 0.5492957746478874], "10": [0.48695652173913045, 0.5415384615384615]}