{"1": [0.6916666666666667, 0.554646495832047], "2": [0.725, 0.6454171562867215], "3": [0.8083333333333333, 0.6798319327731093], "4": [0.7833333333333333, 0.6369747899159663], "5": [0.75, 0.6341463414634146], "6": [0.7666666666666667, 0.629111038749593], "7": [0.7, 0.586529749320447], "8": [0.7083333333333334, 0.56875], "9": [0.7416666666666667, 0.6630434782608696], "10": [0.775, 0.6207250341997264]}