{"1": [0.7157894736842105, 0.6142857142857143], "2": [0.7789473684210526, 0.5961538461538461], "3": [0.7894736842105263, 0.6551724137931034], "4": [0.8315789473684211, 0.6190476190476191], "5": [0.7684210526315789, 0.6071428571428572], "6": [0.7052631578947368, 0.5625], "7": [0.8105263157894737, 0.5212842712842712], "8": [0.7473684210526316, 0.5555555555555556], "9": [0.7684210526315789, 0.5416666666666667], "10": [0.8, 0.62]}