{"1": [0.7945205479452054, 0.5833333333333333], "2": [0.8082191780821918, 0.5827586206896552], "3": [0.5616438356164384, 0.6355311355311355], "4": [0.7671232876712328, 0.5526315789473684], "5": [0.821917808219178, 0.5666666666666667], "6": [0.7945205479452054, 0.6720142602495545], "7": [0.8767123287671232, 0.71875], "8": [0.8082191780821918, 0.65], "9": [0.8356164383561644, 0.6247126436781609], "10": [0.8082191780821918, 0.6111111111111112]}