{"1": [0.6222222222222222, 0.6525], "2": [0.6, 0.6285072951739619], "3": [0.6444444444444445, 0.6802413273001507], "4": [0.6388888888888888, 0.682826881856008], "5": [0.6111111111111112, 0.6523378582202112], "6": [0.5944444444444444, 0.6325179674694238], "7": [0.55, 0.625985269414653], "8": [0.5666666666666667, 0.5993265993265993], "9": [0.6222222222222222, 0.6325546903967371], "10": [0.6444444444444445, 0.6745230078563412]}