{"1": [0.8135593220338984, 0.5416666666666667], "2": [0.847457627118644, 0.55], "3": [0.847457627118644, 0.5897959183673469], "4": [0.8135593220338984, 0.6772727272727272], "5": [0.8305084745762712, 0.5833333333333333], "6": [0.8813559322033898, 0.6111111111111112], "7": [0.847457627118644, 0.6259469696969697], "8": [0.8813559322033898, 0.6111111111111112], "9": [0.8305084745762712, 0.5833333333333333], "10": [0.8305084745762712, 0.6428571428571428]}