{"1": [0.7166666666666667, 0.6062271062271063], "2": [0.725, 0.6214134702506795], "3": [0.8166666666666667, 0.7103174603174602], "4": [0.7416666666666667, 0.6025641025641026], "5": [0.8083333333333333, 0.7044287548138639], "6": [0.75, 0.7], "7": [0.7166666666666667, 0.679245283018868], "8": [0.7083333333333334, 0.6070574162679425], "9": [0.725, 0.6345693779904307], "10": [0.75, 0.6400123494905836]}