{"1": [0.7540983606557377, 0.5588235294117647], "2": [0.7540983606557377, 0.5144376899696048], "3": [0.7540983606557377, 0.625], "4": [0.819672131147541, 0.5416666666666667], "5": [0.8032786885245902, 0.6224637681159421], "6": [0.7377049180327869, 0.5115942028985507], "7": [0.7704918032786885, 0.6111111111111112], "8": [0.7049180327868853, 0.55], "9": [0.7704918032786885, 0.6062834224598931], "10": [0.819672131147541, 0.6333333333333333]}